number,duration
255,
254,0
253,0
252,
251,
250,
249,
248,
247,
246,
245,
244,0
243,
242,
241,
240,
239,0
238,0
237,13
236,4
235,
233,29
232,
231,
230,0
229,
228,
227,
226,
225,
224,
223,0
222,7
221,
220,6
219,1
218,
217,
216,35
215,33
214,51
213,4
212,1
211,9
210,0
209,3
208,0
207,28
206,
205,38
204,
203,31
202,47
201,48
200,
199,46
198,
197,4
196,
195,
194,
193,16
192,1
191,
190,1
189,43
188,
187,
186,18
185,
184,
183,1
182,36
181,36
180,7
179,
178,
177,4
176,27
175,21
174,
173,
172,34
171,
170,
169,
168,69
167,1
166,0
165,84
164,0
163,
162,
161,21
160,45
159,7
158,31
157,71
156,0
155,14
154,
153,0
152,94
151,4
150,19
149,38
148,15
147,0
146,
145,82
144,2
143,
142,
141,57
140,19
138,
137,
134,
132,
131,134
130,
129,
128,39
127,
125,
123,15
121,0
120,37
119,136
116,5
112,155
110,2
109,6
108,93
107,40
105,45
99,145
94,
93,
88,
87,71
86,84
84,
83,
79,
77,79
71,213
65,141
64,
57,
43,
42,1
38,149
35,8
20,
19,332
15,258
12,281
10,
8,68
5,357
3,357
1,1
